{
    "component": "Render",
    "name": "enemy1",
    "type": "square",
    "position": {
        "component": "vector2D::vec2D*",
        "m": [
            -450.0,
            400.0
        ],
        "x": -450.0,
        "y": 400.0
    },
    "color": {
        "component": "vector3D::vec3D*",
        "m": [
            0.89579176902771,
            0.6395007371902466,
            0.6242818236351013
        ],
        "x": 0.89579176902771,
        "y": 0.6395007371902466,
        "z": 0.6242818236351013,
        "r": 0.89579176902771,
        "g": 0.6395007371902466,
        "b": 0.6242818236351013
    },
    "dimension": {
        "component": "vector2D::vec2D*",
        "m": [
            10.0,
            10.0
        ],
        "x": 10.0,
        "y": 10.0
    },
    "vaoID": 0,
    "vboID": 0,
    "eboID": 0,
    "shaderName": "gam200-shdrpgm"
}