{
    "component": "Render",
    "name": "player1",
    "type": "square",
    "position": {
        "component": "vector2D::vec2D*",
        "m": [
            -200.0,
            0.0
        ],
        "x": -200.0,
        "y": 0.0
    },
    "color": {
        "component": "vector3D::vec3D*",
        "m": [
            0.30000001192092896,
            0.30000001192092896,
            0.699999988079071
        ],
        "x": 0.30000001192092896,
        "y": 0.30000001192092896,
        "z": 0.699999988079071,
        "r": 0.30000001192092896,
        "g": 0.30000001192092896,
        "b": 0.699999988079071
    },
    "dimension": {
        "component": "vector2D::vec2D*",
        "m": [
            20.0,
            20.0
        ],
        "x": 20.0,
        "y": 20.0
    },
    "vaoID": 0,
    "vboID": 0,
    "eboID": 0,
    "shaderName": "gam200-shdrpgm"
}