{
    "component": "Render",
    "name": "enemy1",
    "type": "square",
    "position": {
        "component": "vector2D::vec2D*",
        "m": [
            -450.0,
            400.0
        ],
        "x": -450.0,
        "y": 400.0
    },
    "color": {
        "component": "vector3D::vec3D*",
        "m": [
            0.7663906216621399,
            0.03375030681490898,
            0.3884526491165161
        ],
        "x": 0.7663906216621399,
        "y": 0.03375030681490898,
        "z": 0.3884526491165161,
        "r": 0.7663906216621399,
        "g": 0.03375030681490898,
        "b": 0.3884526491165161
    },
    "dimension": {
        "component": "vector2D::vec2D*",
        "m": [
            10.0,
            10.0
        ],
        "x": 10.0,
        "y": 10.0
    },
    "vaoID": 0,
    "vboID": 0,
    "eboID": 0,
    "shaderName": "gam200-shdrpgm"
}