{
    "component": "Render",
    "name": "enemy1",
    "type": "square",
    "position": {
        "component": "vector2D::vec2D*",
        "m": [
            -450.0,
            400.0
        ],
        "x": -450.0,
        "y": 400.0
    },
    "color": {
        "component": "vector3D::vec3D*",
        "m": [
            0.951349139213562,
            0.3431311845779419,
            0.2315664291381836
        ],
        "x": 0.951349139213562,
        "y": 0.3431311845779419,
        "z": 0.2315664291381836,
        "r": 0.951349139213562,
        "g": 0.3431311845779419,
        "b": 0.2315664291381836
    },
    "dimension": {
        "component": "vector2D::vec2D*",
        "m": [
            10.0,
            10.0
        ],
        "x": 10.0,
        "y": 10.0
    },
    "vaoID": 0,
    "vboID": 0,
    "eboID": 0,
    "shaderName": "gam200-shdrpgm"
}