{
    "component": "Render",
    "name": "enemy1",
    "type": "square",
    "position": {
        "component": "vector2D::vec2D*",
        "m": [
            -450.0,
            400.0
        ],
        "x": -450.0,
        "y": 400.0
    },
    "color": {
        "component": "vector3D::vec3D*",
        "m": [
            0.4477040469646454,
            0.07948306947946548,
            0.5376104116439819
        ],
        "x": 0.4477040469646454,
        "y": 0.07948306947946548,
        "z": 0.5376104116439819,
        "r": 0.4477040469646454,
        "g": 0.07948306947946548,
        "b": 0.5376104116439819
    },
    "dimension": {
        "component": "vector2D::vec2D*",
        "m": [
            10.0,
            10.0
        ],
        "x": 10.0,
        "y": 10.0
    },
    "vaoID": 0,
    "vboID": 0,
    "eboID": 0,
    "shaderName": "gam200-shdrpgm"
}